{
    "x": -3.103449583053589,
    "y": -2.5747745037078859,
    "z": 0.0
}